cp,msc,std,var,lambda_max,alpha,beta,fl
1,1,733.0067959,537298.9628,75.90034342,0.609710059,0.002360425,0.152066591
1,2,722.8860627,522564.2597,75.3895089,0.663081421,0.000251001,0.155302084
1,3,747.1867997,558288.1136,75.74856046,0.620076211,0.003230787,0.146056898
1,4,745.4116486,555638.5258,74.70177207,0.672815575,0.000517676,0.144725356
1,5,733.8692817,538564.1226,72.27108955,0.630584472,0.000943195,0.144455225
1,6,716.4709853,513330.6727,75.63995693,0.654121114,0.00026601,0.158620798
1,7,744.8379048,554783.5044,75.51313349,0.613656912,0.001697721,0.146522738
1,8,727.4787517,529225.3342,74.44530382,0.646182992,0.001965232,0.151426803
1,9,744.8788771,554844.5416,75.56930974,0.606742722,0.003143605,0.146615609
1,10,740.7969375,548780.1026,75.65182324,0.601428127,0.002955043,0.148397681
1,11,739.4829248,546834.996,76.04114553,0.663145483,0.001923073,0.149691942
1,12,757.2656233,573451.2243,74.26953042,0.636075578,0.001178727,0.139418455
1,13,724.7049524,525197.2681,74.95565493,0.647106821,0.000237304,0.15363424
1,14,733.1990575,537580.858,76.13561249,0.688006849,4.09E-19,0.152457966
1,15,752.4661813,566205.354,75.29020406,0.609561189,0.002525147,0.143143151
1,16,748.7746435,560663.4667,76.555018,0.582754096,0.002800619,0.146986509
1,17,764.9732856,585184.1277,76.24313332,0.594266276,0.002691657,0.140253681
1,18,738.0337943,544693.8815,74.48650106,0.665931463,0.000730361,0.147207911
1,19,748.5491651,560325.8526,68.50348977,0.671913394,0.001549114,0.131606733
1,20,740.1587153,547834.9238,76.32979223,0.625151983,0.002074097,0.149985901
1,21,749.0345649,561052.7795,75.74875464,0.623354647,0.002645792,0.145337555
1,22,737.4571716,543843.0799,73.89867058,0.627377105,0.002015426,0.146274658
1,23,741.6310761,550016.6531,70.32291371,0.640075437,0.000726091,0.13763443
1,24,748.1800799,559773.432,75.19895235,0.612845027,0.002033528,0.144612415
1,25,744.3022207,553985.7957,76.31679533,0.614110236,0.002366388,0.148295362
1,26,733.8887627,538592.7159,75.34810655,0.621423709,0.001575125,0.150597561
1,27,723.4055865,523315.6426,76.09950245,0.625431735,0.001393394,0.156539583
1,28,741.34895,549598.2657,68.89842617,0.626556216,0.001366245,0.134949108
1,29,732.1537878,536049.169,75.10250279,0.62968179,0.001773698,0.15081893
1,30,742.6572959,551539.8592,68.9664703,0.656663566,0.000672823,0.134606852
2,1,608.2741303,369997.4175,102.113463,0.429524046,0.00337712,0.297091607
2,2,584.9316617,342145.0489,101.799248,0.440663448,0.002438326,0.320287789
2,3,582.3281365,339106.0586,101.2619971,0.475150101,0.001922626,0.32145265
2,4,579.6754186,336023.5909,102.3514293,0.439905224,0.003290727,0.327891542
2,5,578.9613236,335196.2143,102.011966,0.437016539,0.003035365,0.327610705
2,6,583.6310257,340625.1742,101.9025307,0.462895866,0.001943814,0.322043323
2,7,592.3753027,350908.4993,100.9300794,0.46114928,0.002025329,0.309622704
2,8,604.7326309,365701.5548,100.7811723,0.468671785,0.002073902,0.29665978
2,9,620.3255116,384803.7404,100.4917476,0.455693743,0.00348885,0.281123522
2,10,594.22116,353098.787,102.7578071,0.398580174,0.004047562,0.313274232
2,11,581.8630953,338564.6616,102.1828114,0.462039714,0.001881362,0.324894451
2,12,600.8698245,361044.546,101.644139,0.456127045,0.002387318,0.303059306
2,13,640.9985053,410879.0839,100.1818554,0.438797843,0.004008863,0.262470869
2,14,603.6717239,364419.5502,100.0683599,0.409830185,0.00287118,0.295597792
2,15,602.2835109,362745.4276,101.9031138,0.41432651,0.003550399,0.302406819
2,16,584.4403601,341570.5345,102.6700949,0.430384423,0.003802062,0.323571033
2,17,611.2934405,373679.6704,100.3694415,0.431171344,0.003993403,0.289139954
2,18,581.0349722,337601.6389,101.4961618,0.456865418,0.00232966,0.323631767
2,19,627.3088399,393516.3807,97.35267476,0.439648749,0.00361624,0.26631225
2,20,605.4390107,366556.3957,101.90712,0.427596782,0.003524533,0.299274558
2,21,599.847436,359816.9465,100.3691816,0.469039947,0.002254747,0.300278917
2,22,651.3681975,424280.5287,92.74040517,0.433531018,0.004399331,0.235300017
2,23,588.9645745,346879.27,100.6305437,0.471314545,0.001806587,0.312289616
2,24,598.6253808,358352.3465,102.9250174,0.438634281,0.003389556,0.309183827
2,25,605.2631069,366343.4286,101.2108992,0.429852665,0.003635221,0.297402729
2,26,597.9120377,357498.8048,103.7115057,0.425038587,0.003941985,0.312290244
2,27,598.2203757,357867.6179,103.0987843,0.428628345,0.003639502,0.310125311
2,28,626.3258025,392284.0109,101.1827543,0.439986486,0.00388956,0.277659132
2,29,623.872955,389217.464,93.91760888,0.444763148,0.003664915,0.259753124
2,30,634.8959964,403092.9262,101.8476776,0.404221763,0.004593898,0.271989429
3,1,84.08533894,7070.344225,473.4747628,0.055768358,0.004118853,72.08789572
3,2,462.6334786,214029.7355,153.9187016,0.273067802,0.004087654,0.774146845
3,3,452.7578086,204989.6332,150.1026655,0.305738336,0.002561602,0.788247456
3,4,467.6704482,218715.6481,152.0923329,0.282195007,0.003628403,0.748571929
3,5,451.4146736,203775.2075,151.6364476,0.284285721,0.00396038,0.80104761
3,6,453.1999246,205390.1716,148.3486286,0.309648225,0.003150402,0.777517101
3,7,455.4897605,207470.9219,150.2032409,0.296619854,0.002684227,0.779342101
3,8,472.9778553,223708.0516,152.1011395,0.259977597,0.004079504,0.731908724
3,9,455.6069119,207577.6582,151.5887001,0.292312042,0.002817506,0.786126239
3,10,467.7722935,218810.9186,151.6821339,0.280755606,0.004091755,0.746227951
3,11,449.4201143,201978.4391,149.9256399,0.32000189,0.002722816,0.799055548
3,12,471.4072026,222224.7506,152.4203033,0.286775813,0.004049388,0.738340116
3,13,456.261064,208174.1585,150.4025872,0.309389591,0.002829339,0.777740224
3,14,458.2235387,209968.8114,151.5698795,0.297983443,0.003406108,0.777077237
3,15,469.814898,220726.0384,151.1262282,0.276348253,0.003780019,0.737042186
3,16,458.7103249,210415.1622,151.0320831,0.29554541,0.003602865,0.772677476
3,17,454.3635464,206446.2323,151.6813201,0.306888667,0.003593256,0.790917546
3,18,446.356783,199234.3777,148.9188342,0.288116321,0.002912379,0.804621108
3,19,455.8039159,207757.2098,151.3270605,0.304292358,0.003775681,0.784091171
3,20,471.4034595,222221.2216,151.9749422,0.26138111,0.0041192,0.736194431
3,21,475.1395625,225757.6038,150.1120139,0.288713471,0.003773575,0.715779303
3,22,453.0869616,205287.7948,152.5048338,0.299949103,0.003772051,0.799698997
3,23,470.1497595,221040.7963,154.4530305,0.262513085,0.004143626,0.752194354
3,24,459.6919121,211316.654,149.9448362,0.308612646,0.00269058,0.763842573
3,25,454.1227539,206227.4756,151.9483576,0.297826082,0.002856455,0.793150415
3,26,482.8512905,233145.3688,144.1433022,0.280737052,0.003856984,0.665539361
3,27,477.1383285,227660.9845,154.0650729,0.265315316,0.004561788,0.728486748
3,28,469.8102765,220721.6959,152.2189726,0.271917242,0.004202106,0.742386103
3,29,458.5271172,210247.1173,152.675754,0.280510103,0.003416347,0.781710769
3,30,451.866098,204182.9705,150.3088588,0.306853024,0.003052319,0.792448653
4,1,81.1564463,6586.368776,474.2050061,0.091483367,0.002667209,77.50436501
4,2,81.34052169,6616.280469,418.7437947,0.195535928,0.001352043,68.13033885
4,3,383.0675357,146740.7369,203.1466112,0.212645253,0.004195189,1.490269996
4,4,381.6410642,145649.9019,195.169981,0.208482112,0.004869223,1.442476993
4,5,371.8703183,138287.5336,201.0570249,0.239454447,0.003740896,1.565100725
4,6,368.9220217,136103.4581,201.7214574,0.233361189,0.004110133,1.595471346
4,7,369.2708354,136360.9499,198.7198591,0.208825725,0.0048468,1.568762951
4,8,367.4326964,135006.7864,200.5363632,0.226794818,0.004168786,1.598982116
4,9,375.9689312,141352.6372,198.9389018,0.240021336,0.003490171,1.515032231
4,10,374.6687162,140376.6469,200.8232817,0.21797141,0.003563195,1.54001612
4,11,369.1500344,136271.7479,196.3248032,0.250714885,0.00249903,1.550870074
4,12,367.5225736,135072.8421,201.6998201,0.22579821,0.003837007,1.607472472
4,13,377.8314299,142756.5894,202.6011119,0.206397766,0.004832703,1.52774803
4,14,357.5291137,127827.0671,199.136482,0.224054721,0.003406416,1.677003919
4,15,362.3547319,131300.9517,196.5286322,0.256011258,0.003106099,1.611254077
4,16,378.0646104,142932.8497,199.5440077,0.220458455,0.004317083,1.502839874
4,17,379.9716546,144378.4583,198.5172026,0.229773898,0.003588373,1.48013667
4,18,368.314481,135655.5569,199.2031958,0.240290653,0.003943203,1.580755802
4,19,368.6621557,135911.7851,196.6257224,0.263816119,0.002770918,1.557360969
4,20,374.2575686,140068.7276,198.7857938,0.23176499,0.003942504,1.527742754
4,21,374.6007176,140325.6977,196.5455876,0.229292292,0.003988238,1.5077598
4,22,363.9117869,132431.7887,197.6747324,0.252777877,0.003092615,1.606811703
4,23,372.7946122,138975.8229,194.5166579,0.243463452,0.003887017,1.506688996
4,24,389.2779481,151537.3208,201.2614485,0.202417511,0.004068467,1.429707057
4,25,374.756684,140442.5722,201.4797576,0.233701058,0.003936583,1.544325051
4,26,384.6117774,147926.2193,201.6240177,0.205224405,0.0043553,1.467246825
4,27,375.5762145,141057.4929,198.8753605,0.244687489,0.003621312,1.517717322
4,28,376.5271939,141772.7277,200.2741389,0.212256899,0.003933485,1.520681454
4,29,371.5992874,138086.0304,197.5124411,0.222214984,0.003706155,1.539752022
4,30,397.4944459,158001.8345,183.2667066,0.262277134,0.002736671,1.248612038
5,1,91.13305092,8305.23297,508.462117,0.043386268,0.002994449,65.90416373
5,2,82.72247634,6843.008092,441.2471398,0.167101522,0.003453867,69.41301701
5,3,74.79513986,5594.312947,399.7881229,0.177121627,0.004577631,76.92884323
5,4,310.8867774,96650.58833,245.9028438,0.189838517,0.003782495,2.738830281
5,5,318.4996001,101441.9953,244.7228184,0.203753973,0.003755879,2.596945014
5,6,307.8772723,94788.4148,239.3224158,0.227652186,0.003354976,2.717904479
5,7,324.4054235,105238.8788,246.6118448,0.194501571,0.004313127,2.522573279
5,8,314.4034187,98849.50969,246.1648012,0.202715665,0.004018195,2.680757353
5,9,319.2357271,101911.4494,240.2139319,0.205966004,0.003389294,2.537355303
5,10,323.131427,104413.9191,239.1564008,0.190806761,0.003628766,2.465640093
5,11,311.6231062,97108.96031,241.1640556,0.215534215,0.003095956,2.673371697
5,12,315.9609958,99831.35085,235.802961,0.201261423,0.003821454,2.54266051
5,13,318.7237909,101584.8549,237.8838375,0.231519449,0.003019094,2.520821201
5,14,326.8341559,106820.5655,227.324233,0.232562949,0.00309642,2.290851476
5,15,303.5851864,92163.9654,242.5895551,0.223565623,0.003117393,2.833459552
5,16,311.0102295,96727.36283,246.1490995,0.205352217,0.003879736,2.739396998
5,17,324.4689612,105280.1068,227.5407842,0.196193152,0.004528737,2.326585436
5,18,316.5866445,100227.1035,243.6709167,0.211207094,0.003939735,2.617125741
5,19,320.4638797,102697.0982,223.7217991,0.206478188,0.003148774,2.345072114
5,20,343.9252417,118284.5719,226.8140891,0.204848033,0.004675955,2.064182052
5,21,308.5874341,95226.20446,245.134054,0.190092169,0.00402939,2.771106676
5,22,336.3929133,113160.1921,221.8934478,0.205863703,0.003250088,2.110847575
5,23,335.9959773,112893.2968,247.3585883,0.159293458,0.00505658,2.358657651
5,24,312.3484817,97561.57401,245.9818065,0.208203866,0.003878203,2.71412759
5,25,329.00495,108244.2571,225.9622247,0.193789153,0.002946288,2.2471758
5,26,320.2055492,102531.5938,245.8882622,0.200941424,0.003974943,2.581583406
5,27,312.8227772,97858.08992,243.4659038,0.197784822,0.003556503,2.678227629
5,28,314.8131481,99107.31822,244.6824588,0.201543935,0.004227056,2.657683028
5,29,325.8713812,106192.1571,242.8766283,0.193283325,0.004226342,2.462064091
5,30,312.2461032,97497.62894,242.4547534,0.190672261,0.003943239,2.676965169
6,1,93.05226273,8658.723599,525.079161,0.094949306,0.001375958,65.27952381
6,2,86.62859919,7504.514197,435.3504148,0.174329126,0.003190944,62.44856319
6,3,77.15560516,5952.987408,399.2401083,0.161967098,0.00366621,72.19469274
6,4,67.17323079,4512.242935,415.1949295,0.131920637,0.000161361,99.05254512
6,5,272.7176542,74374.9189,275.9595037,0.169507212,0.002694009,3.994155066
6,6,270.843701,73356.31036,287.3422509,0.146363502,0.003503851,4.216655122
6,7,273.2674325,74675.08965,283.4501137,0.147467577,0.003501978,4.086080839
6,8,269.8481049,72817.9997,284.4458191,0.145320444,0.00299062,4.205008534
6,9,269.4401562,72597.99778,279.8643268,0.159568727,0.002714259,4.149817258
6,10,261.2228351,68237.36957,279.1023043,0.174249134,0.00288508,4.402985107
6,11,280.6046354,78738.96144,284.1676748,0.145772093,0.003531529,3.885000357
6,12,274.8846981,75561.59725,274.8588086,0.147661746,0.00318628,3.915746799
6,13,285.62445,81581.32642,283.0390047,0.140414371,0.003584724,3.734750532
6,14,280.001011,78400.56615,260.6602861,0.181728646,0.002004016,3.579000345
6,15,277.1451821,76809.45198,284.8310435,0.151011263,0.003303885,3.991891476
6,16,260.9860877,68113.73795,282.7056036,0.166020437,0.002833231,4.467923971
6,17,277.3200476,76906.40883,285.8577888,0.150223796,0.003176857,4.001230487
6,18,269.3698383,72560.1098,284.298775,0.142775361,0.003259354,4.217772285
6,19,280.8362355,78868.99115,270.3637185,0.134735162,0.003344126,3.690185491
6,20,273.0131954,74536.20487,286.0425343,0.133256839,0.00381044,4.131135239
6,21,259.548936,67365.65019,267.0964988,0.181859909,0.002785739,4.268111544
6,22,286.1298798,81870.30811,283.2163074,0.128408169,0.004082454,3.72389908
6,23,266.8609741,71214.77948,279.3081725,0.13829971,0.003534514,4.222013144
6,24,266.1286626,70824.46507,284.6085494,0.1430158,0.003374353,4.325842572
6,25,278.5827571,77608.35254,283.3377473,0.140694551,0.003956623,3.930085909
6,26,270.338411,73082.85647,280.3654345,0.146510768,0.003349773,4.129666946
6,27,269.7553565,72767.95236,284.7939692,0.144979385,0.002815507,4.213050896
6,28,265.3847702,70429.07624,280.3730579,0.14911683,0.002812461,4.285390058
6,29,266.1158443,70817.64256,284.1799249,0.164116577,0.002698811,4.319743912
6,30,276.1396816,76253.12378,268.6476519,0.180120673,0.00283879,3.792551448
7,1,81.98072165,6720.838722,522.4228308,0.104514442,0.001368951,83.67673881
7,2,90.59141775,8206.80497,433.3844047,0.169016388,0.003307333,56.8466973
7,3,82.87311511,6867.953208,401.6702694,0.172434326,0.001106882,62.95763878
7,4,74.61832871,5567.894979,503.1136048,0.122151058,7.74E-18,97.2704887
7,5,66.10830064,4370.307414,428.7463035,0.127073704,0.000187186,105.6074298
7,6,240.2799045,57734.4325,324.9669051,0.11224352,0.002718388,6.059130476
7,7,237.6320916,56469.01094,324.9703646,0.109278947,0.002575264,6.194976284
7,8,241.6394838,58389.64012,320.0788493,0.119199223,0.002569911,5.901022222
7,9,238.7960688,57023.56248,324.30356,0.113899155,0.002677588,6.122142609
7,10,244.0510789,59560.9291,310.9981043,0.129440705,0.002331271,5.62085458
7,11,244.4519398,59756.75088,322.2023091,0.111959432,0.00299328,5.804271841
7,12,240.6149375,57895.54814,312.3433228,0.128432804,0.002197417,5.807552274
7,13,245.4489949,60245.20912,318.6865077,0.121394027,0.002421641,5.69439032
7,14,250.3684694,62684.37049,320.5254513,0.089801291,0.00393647,5.504391596
7,15,240.0813912,57639.07438,326.4871816,0.09362329,0.003314215,6.097547729
7,16,247.8484755,61428.86681,329.1492943,0.079071991,0.003398328,5.768016525
7,17,234.2274174,54862.48304,320.0814274,0.131150674,0.002364118,6.280454694
7,18,243.7920917,59434.58396,325.9306043,0.100699354,0.003005601,5.903261018
7,19,251.6580402,63331.76919,312.7441544,0.097770476,0.003386271,5.315861437
7,20,247.3546821,61184.33875,316.122308,0.081740723,0.003364942,5.561871423
7,21,242.1062261,58615.4247,322.4698634,0.095474707,0.003085706,5.922202989
7,22,240.1967606,57694.4838,313.2182353,0.125450196,0.002109897,5.844115869
7,23,249.126125,62063.82614,321.8351648,0.094784407,0.003122184,5.582143809
7,24,245.7929169,60414.15798,323.5441639,0.103571004,0.002799106,5.765021285
7,25,242.2187644,58669.92981,322.605082,0.115465211,0.002718251,5.919182188
7,26,239.6565514,57435.26262,323.5409451,0.116810679,0.002800587,6.063965337
7,27,241.3671809,58258.11601,326.2402107,0.102144525,0.002654436,6.028192669
7,28,248.5111086,61757.77108,326.4869626,0.08147336,0.003802992,5.690891449
7,29,246.3512532,60688.93998,320.1564028,0.111515312,0.002697066,5.678827951
7,30,245.1187539,60083.20352,324.5031891,0.09894355,0.002853165,5.813958942
8,1,95.64081171,9147.164864,529.280487,0.050367229,0.002937465,62.28815227
8,2,95.63286396,9145.644668,448.026247,0.141903518,0.002379072,52.73454521
8,3,86.88143381,7548.383541,412.7419258,0.188415277,0.002267104,58.86141509
8,4,76.44255045,5843.463519,411.3136497,0.078565497,0.000858248,75.77201849
8,5,71.42146465,5101.025612,420.2501268,0.121834228,0.000277555,88.68627634
8,6,59.67032087,3560.547193,412.5208301,0.108489815,0.000833576,124.7197432
8,7,231.2558233,53479.2558,370.0649403,0.04452219,0.003748202,7.449011739
8,8,213.3010122,45497.32178,359.0299857,0.083261921,0.002942649,8.494757017
8,9,214.6480344,46073.77869,360.2060294,0.062471332,0.00260552,8.415951378
8,10,232.6247584,54114.27823,367.4804884,0.040833374,0.003753886,7.310186992
8,11,225.9656709,51060.48441,366.1202691,0.051273391,0.003329417,7.718713368
8,12,221.177016,48919.27239,362.335697,0.071173238,0.003087026,7.97328348
8,13,230.4793518,53120.73159,362.99114,0.061146453,0.003238071,7.355937807
8,14,221.3736588,49006.29682,364.343395,0.069358837,0.003015203,8.003226098
8,15,220.9729516,48829.04532,364.9635876,0.06373713,0.003094761,8.045950851
8,16,222.8742162,49672.91623,361.6906464,0.067854082,0.003054966,7.838332671
8,17,215.8345221,46584.54092,366.4191109,0.069695433,0.00283412,8.467249716
8,18,215.6391682,46500.25086,363.9924285,0.072031225,0.003191252,8.426420458
8,19,222.4177718,49469.6652,360.0817475,0.073449249,0.002911403,7.835526937
8,20,220.6491154,48686.03212,365.683501,0.062719121,0.003353778,8.085503258
8,21,220.2842563,48525.15357,345.4639297,0.10153376,0.002421489,7.663759402
8,22,217.2960082,47217.55518,367.1323771,0.059993619,0.002975288,8.369996209
8,23,224.5516362,50423.43732,360.5271454,0.072462773,0.003051956,7.69682467
8,24,215.979571,46647.17511,359.3827917,0.073634622,0.002988625,8.293502902
8,25,214.8460023,46158.80469,362.8679153,0.071999872,0.003055826,8.462527388
8,26,229.7117877,52767.5054,370.2841208,0.042502015,0.003510154,7.553958534
8,27,220.4314315,48590.01599,360.6538335,0.065795127,0.003186728,7.99005157
8,28,222.3178547,49425.22853,365.1960346,0.072307474,0.003105149,7.953960661
8,29,222.0658147,49313.22606,365.4203006,0.062126852,0.003461694,7.976921664
8,30,220.4194955,48584.754,363.4602636,0.059247651,0.003496262,8.053098306
9,1,104.3676913,10892.61498,502.5981515,0.046148436,0.004015361,49.67007383
9,2,93.67792071,8775.552829,455.7521177,0.172954638,0.001913099,55.90623965
9,3,94.14338482,8862.976905,395.4369829,0.176910721,0.001947369,48.02902139
9,4,77.56723669,6016.676207,449.0306428,0.122729964,0.00011185,80.33881296
9,5,70.56974313,4980.088645,501.8203828,0.126894325,3.62E-17,108.4719121
9,6,63.43487577,4023.983463,390.875419,0.109848758,0.000876593,104.565458
9,7,55.60953142,3092.419985,404.853851,0.097387416,0.001070961,140.9307863
9,8,208.924982,43649.64811,401.8877075,0.023174306,0.003298032,9.91128689
9,9,216.6855065,46952.60871,374.7367327,0.027246815,0.003606248,8.591571537
9,10,208.9953802,43679.06893,375.2712281,0.061933774,0.002950028,9.248641975
9,11,207.9392647,43238.73779,399.0744783,0.023942681,0.002980094,9.93543802
9,12,211.824938,44869.80435,396.936296,0.027310499,0.003641384,9.522976409
9,13,212.8087539,45287.56573,398.2849158,0.034431291,0.003466837,9.467186942
9,14,219.4091036,48140.35473,408.2041554,0.00475127,0.004357414,9.127970058
9,15,208.4732286,43461.08704,407.0772687,0.026628459,0.00372897,10.08282754
9,16,217.7223383,47403.01658,404.1669976,0.012281831,0.003912503,9.178272339
9,17,219.2631652,48076.33562,383.5177316,0.031756483,0.003949649,8.587369716
9,18,209.4736318,43879.20243,408.6147584,0.013980176,0.003698569,10.02446941
9,19,206.6217151,42692.53314,402.4457445,0.022563295,0.003594242,10.1475567
9,20,212.5160252,45163.06096,394.7198853,0.044375539,0.003272819,9.408311946
9,21,205.7016431,42313.16596,359.7025873,0.058893991,0.002762832,9.151117081
9,22,205.9588404,42419.04396,399.2983541,0.043829062,0.003297044,10.13310903
9,23,214.6766735,46086.07413,397.2362907,0.036029583,0.0032906,9.278660306
9,24,208.2925965,43385.80574,376.9117417,0.043935277,0.002946585,9.351861603
9,25,213.8919945,45749.78533,397.9051251,0.039084226,0.003437668,9.362601608
9,26,210.8463752,44456.19393,384.432123,0.043248417,0.003015538,9.308794935
9,27,218.4845348,47735.49194,403.8357547,0.025161982,0.003787504,9.106876283
9,28,208.55889,43496.81062,394.0059351,0.04016089,0.003189851,9.751050861
9,29,202.3914881,40962.31445,389.8181088,0.033645805,0.003025569,10.24433082
9,30,211.7677454,44845.578,396.7455054,0.042630011,0.003272697,9.523541117
10,1,87.69231951,7689.942901,537.2493174,0.080727353,0.001806423,75.20709763
10,2,96.04218204,9224.100732,430.9441957,0.170373969,0.003433029,50.29248212
10,3,78.39240446,6145.369078,409.4941393,0.210068702,0.001704282,71.73081928
10,4,71.29853849,5083.48159,578.4560231,0.100980856,1.27E-18,122.494098
10,5,73.55788078,5410.761825,536.4273046,0.112655409,3.4E-15,106.7231241
10,6,70.17271437,4924.209842,387.9200717,0.12772896,0.000514385,84.80310836
10,7,60.42143432,3650.749725,421.5480618,0.065297589,0.001975793,124.2999939
10,8,53.33652501,2844.7849,433.6842321,0.055814398,0.002673316,164.1081954
10,9,195.6697034,38286.63284,424.0919683,0.031282855,0.003257867,11.92391704
10,10,200.974291,40390.66564,432.6704133,0.007283389,0.004007173,11.53140591
10,11,203.607816,41456.14272,436.635618,0.007650141,0.003745883,11.33799707
10,12,197.2772484,38918.31273,430.0323684,0.015906392,0.003735592,11.89469236
10,13,205.4573346,42212.71633,438.4130859,2.5E-21,0.004029688,11.18011526
10,14,198.8878082,39556.36025,436.1466609,0.008884089,0.003837256,11.86922329
10,15,202.4573282,40988.96976,442.913708,4.97E-20,0.003907082,11.6321017
10,16,198.5019352,39403.01826,414.3342136,0.024022016,0.003849116,11.3195035
10,17,209.0112969,43685.72224,397.738141,0.012404319,0.003351201,9.800851094
10,18,198.2714118,39311.55274,433.6371685,0.013116557,0.003640643,11.87441911
10,19,199.5432499,39817.50858,427.1957947,0.018744286,0.003385686,11.54938764
10,20,199.3699441,39748.37462,426.5499676,0.001582239,0.003837641,11.55198485
10,21,202.2770105,40915.98898,435.1251548,2.81E-21,0.003968039,11.44793644
10,22,200.1037723,40041.51968,423.9900556,0.020810018,0.003549451,11.39859152
10,23,203.7180089,41501.02716,421.4791212,0.026942639,0.003683356,10.9325958
10,24,197.0884222,38843.84618,436.0178342,0.001008675,0.004043456,12.0833707
10,25,196.3312585,38545.96308,439.594576,0.007776568,0.00383102,12.27663929
10,26,199.032054,39613.75851,431.950734,0.016019765,0.003582676,11.73800359
10,27,203.2289317,41301.99867,430.2862566,0.011591871,0.003892493,11.21482441
10,28,204.5665302,41847.46528,440.9916759,1.33E-18,0.004094121,11.34402842
10,29,194.4179292,37798.33119,429.8966488,0.018035794,0.003455297,12.2432722
10,30,197.0528945,38829.84321,438.0470166,0.006359916,0.003805368,12.1439833
11,1,98.47367361,9697.064394,512.0544845,0.149019852,0.001030194,56.84365121
11,2,75.51779452,5702.937288,491.4449196,0.235289015,0.001362901,92.76461051
11,3,80.50142127,6480.478827,419.8157567,0.227037803,0.001407314,69.73610874
11,4,78.39391286,6145.605574,545.4221652,0.108170705,1.24E-17,95.53756563
11,5,76.24989315,5814.046206,532.9383007,0.105549944,4.38E-17,98.67440708
11,6,69.58844134,4842.551169,431.9538404,0.11062645,0.000355814,96.02165625
11,7,64.73689566,4190.865659,409.7859484,0.076142716,0.002019889,105.2590375
11,8,58.40701926,3411.379899,428.9001293,0.054625564,0.002893633,135.3418668
11,9,48.15943862,2319.331528,430.8540785,0.102328892,0.001030526,199.9739607
11,10,186.1148027,34638.71977,453.4847833,0.00552573,0.00349913,14.09311378
11,11,185.746392,34501.72214,459.9508661,7.45E-16,0.00363554,14.35082073
11,12,186.4548211,34765.4003,448.0375055,0.016043969,0.003360512,13.87309013
11,13,183.5091361,33675.60302,438.8675349,0.010523385,0.003075251,14.02891699
11,14,188.5952112,35568.1537,451.3999692,0.006279854,0.003630438,13.66174814
11,15,187.7232681,35240.02537,438.4047969,3.13E-18,0.003265582,13.39199124
11,16,191.8619559,36811.01012,432.791555,0.01453252,0.003130923,12.65631031
11,17,195.561196,38244.18139,456.4710538,5.68E-19,0.003846292,12.84854486
11,18,191.9652266,36850.64821,455.1811632,1.17E-23,0.003608143,13.29674136
11,19,191.2925539,36592.84119,443.0710063,0.018607057,0.003297887,13.03416674
11,20,192.2386599,36955.70235,443.0713775,0.017298597,0.003297069,12.90619749
11,21,193.4791931,37434.19817,450.71712,1.69E-18,0.003479593,12.96109193
11,22,192.490464,37052.57873,450.2710201,0.002555061,0.003736261,13.081623
11,23,180.6853751,32647.20479,450.5528334,0.005488214,0.003264537,14.85613349
11,24,192.3144814,36984.85976,452.4377874,3.76E-19,0.003519418,13.16864121
11,25,188.5968968,35568.78949,448.2659246,0.005313325,0.003611337,13.56665288
11,26,188.6517498,35589.48269,445.0013959,0.017417385,0.003342695,13.46002199
11,27,190.7116218,36370.92271,451.7531497,0.010156258,0.003702652,13.37066297
11,28,194.9133464,37991.21259,453.1701012,2.61E-20,0.003810726,12.84056592
11,29,192.3870955,37012.79451,446.7106889,0.008294611,0.003443185,12.99213546
11,30,181.3510361,32888.19829,449.3004781,0.013215012,0.003272979,14.70628134
12,1,94.36356718,8904.482811,528.5126281,0.042676505,0.0025522,63.89292056
12,2,100.0622515,10012.45418,437.1954357,0.153023826,0.004183138,47.00468528
12,3,84.78349991,7188.241857,410.579891,0.215781402,0.001694747,61.48668309
12,4,81.78976808,6689.566162,509.8532957,0.119523142,1.81E-09,82.04523231
12,5,74.87085987,5605.645658,411.176002,0.117716257,0.000375927,78.96019081
12,6,72.25593698,5220.920429,522.6115043,0.113332097,6.11E-20,107.7551319
12,7,68.72853679,4723.61177,394.3584988,0.094904913,0.001826327,89.87172553
12,8,64.59890755,4173.018857,421.2757886,0.030738916,0.003933012,108.6731422
12,9,54.88764295,3012.653349,432.021891,0.094653294,0.001509745,154.3699141
12,10,44.63234727,1992.046423,441.8449038,0.077995776,0.001537039,238.7681897
12,11,177.6072521,31544.336,462.1519716,0.005651838,0.003471572,15.77137258
12,12,185.2942814,34333.97073,460.7288965,4.75E-21,0.00357324,14.44533077
12,13,187.1370438,35020.27318,440.4819977,1.09E-22,0.003159793,13.53987658
12,14,183.4540617,33655.39275,459.0437361,0.001419652,0.003543446,14.68268475
12,15,184.4224895,34011.65465,461.481826,2.6E-20,0.00356833,14.60605438
12,16,192.0602124,36887.1252,439.1053766,1.62E-22,0.003250812,12.81445135
12,17,175.4388431,30778.78767,461.5469866,9.98E-19,0.003363904,16.14248835
12,18,179.6777431,32284.09136,441.2960516,2.02E-22,0.003350508,14.71456899
12,19,180.2254547,32481.21452,462.9257449,7.96E-18,0.003419964,15.34211189
12,20,183.1493569,33543.68693,462.4034116,3.8E-19,0.003475278,14.83939876
12,21,183.0646055,33512.6498,445.2500233,3.91E-21,0.003179003,14.30214755
12,22,178.2979731,31790.16721,456.9497982,0.005022986,0.003483619,15.47325737
12,23,188.028724,35354.80107,466.2521771,3.82E-16,0.003555599,14.19641042
12,24,176.3790777,31109.57905,442.0096977,0.004353676,0.002786747,15.29479762
12,25,193.4997587,37442.15661,462.7681645,5.12E-20,0.003587707,13.30481042
12,26,178.9582627,32026.0598,467.8396005,3.4E-21,0.003518326,15.7253218
12,27,178.9187773,32011.92886,462.3743378,1.18E-18,0.003569426,15.54848041
12,28,174.4797078,30443.16843,435.0552466,0.016713647,0.002685772,15.38369396
12,29,175.7881279,30901.46593,460.759941,0.006791888,0.003231877,16.05098553
12,30,180.9578421,32745.74063,466.284675,3.7E-20,0.003693896,15.32859663
13,1,83.54416694,6979.627829,544.1549128,0.036987837,0.002241735,83.92596826
13,2,97.81183678,9567.155415,431.8815607,0.219706642,0.001695043,48.59458803
13,3,84.9647896,7219.015472,442.6657192,0.157766104,0.001916819,66.0091271
13,4,77.06292279,5938.69407,525.0384503,0.112017445,0.000000546,95.17134953
13,5,75.9200082,5763.847645,501.5189248,0.113990993,6.48E-19,93.66576935
13,6,75.60667828,5716.369801,367.7553709,0.091006124,0.001391687,69.25398674
13,7,68.05840366,4631.946309,389.8939941,0.071867507,0.00286099,90.61270604
13,8,65.85062557,4336.304887,406.4240082,0.065674248,0.003067814,100.8940641
13,9,57.19019468,3270.718367,408.119579,0.094039502,0.001734216,134.3229904
13,10,51.67965091,2670.786318,425.2930919,0.090739853,0.001587457,171.4175396
13,11,43.11930879,1859.274791,456.3057624,0.05113243,0.002143065,264.1912586
13,12,165.0421747,27238.91945,459.5206053,3.49E-17,0.002973354,18.16022339
13,13,170.0566957,28919.27974,469.6259743,7.57E-18,0.003340935,17.48117854
13,14,179.5836602,32250.29103,468.7536732,7.24E-20,0.003686691,15.64649686
13,15,174.9282862,30599.9053,466.3709154,5.36E-21,0.003626805,16.40655684
13,16,170.6470133,29120.40316,468.6771806,8.75E-18,0.003429365,17.32536915
13,17,171.6927377,29478.39619,467.4699454,8.87E-19,0.003248128,17.0708802
13,18,177.3969125,31469.66456,467.238874,1.75E-20,0.003521911,15.98280226
13,19,172.0241699,29592.31504,471.5809204,6.78E-19,0.003453689,17.154709
13,20,176.620039,31194.63816,450.0972539,2.16E-19,0.003030336,15.53218241
13,21,176.6202732,31194.72089,468.679851,1.82E-18,0.003330757,16.17339713
13,22,173.9777187,30268.24659,469.5812037,1.24E-16,0.003505897,16.7005015
13,23,177.398072,31470.07596,468.2918768,2.82E-16,0.003454728,16.01861284
13,24,176.9663772,31317.09867,454.1442341,3.03E-20,0.003353223,15.61055543
13,25,170.726814,29147.64503,464.5242339,3.05E-15,0.003685087,17.15580003
13,26,177.562843,31528.56321,469.2317671,1.88E-19,0.003667824,16.0209881
13,27,173.5317671,30113.27419,447.4585256,3.38E-15,0.00281029,15.99561271
13,28,176.7773604,31250.23517,465.0911569,0.002991468,0.003544368,16.02104586
13,29,174.0518666,30294.05226,467.2354402,3.2E-18,0.003364807,16.60292011
13,30,173.2927464,30030.37596,471.6325981,2.41E-22,0.003606083,16.90632125
14,1,89.00635798,7922.131761,536.705106,0.141465535,0.000911875,72.92891246
14,2,92.49023743,8554.444021,453.4793901,0.158066897,0.003443334,57.06526478
14,3,81.97220981,6719.443181,406.6219835,0.243979073,0.000951331,65.14238278
14,4,79.62915702,6340.802648,504.8696033,0.121096754,1.42E-18,85.71188752
14,5,73.14630984,5350.382643,526.8688835,0.108204529,7.08E-18,106.0043724
14,6,71.32172284,5086.788148,413.877592,0.067979607,0.000776939,87.58592773
14,7,76.21794181,5809.174653,385.8997048,0.100372966,0.001883073,71.50988575
14,8,63.42918776,4023.261859,420.2998484,0.069937367,0.00314603,112.4571323
14,9,55.44692549,3074.361546,407.0496681,0.078376643,0.001725318,142.5274572
14,10,50.71338811,2571.847733,424.3626766,0.068504289,0.0021142,177.6225085
14,11,50.82344794,2583.02286,437.9110245,0.065077491,0.001780764,182.5003495
14,12,41.31148383,1706.638696,473.093522,0.043301952,0.0019228,298.4087025
14,13,166.7623497,27809.68129,475.9530912,1.87E-15,0.003400144,18.42358794
14,14,169.5322391,28741.18011,466.2694217,5.32E-24,0.003307442,17.46378638
14,15,168.5503175,28409.20953,463.8145685,7.82E-19,0.00308062,17.57483707
14,16,164.9413875,27205.66131,461.5318435,2.4E-18,0.003256208,18.2620049
14,17,169.3912505,28693.39576,468.8148215,2.44E-16,0.003061138,17.58836446
14,18,170.0256361,28908.71693,472.6456535,1.32E-20,0.003461474,17.60001036
14,19,168.6979911,28459.01219,474.70897,1.65E-16,0.003384637,17.95616916
14,20,172.2320005,29663.86198,465.9860717,1.91E-18,0.003324261,16.91030013
14,21,174.3127108,30384.92113,473.0968325,1.14E-16,0.003555138,16.76092561
14,22,170.0593864,28920.1949,466.4627204,9.45E-22,0.003142342,17.36288132
14,23,174.3172395,30386.49997,473.6993991,6.15E-21,0.00351522,16.78140142
14,24,175.5735441,30826.06939,469.1239467,4.66E-19,0.003199725,16.38232443
14,25,165.4694445,27380.13705,466.3915425,2.1E-17,0.003266931,18.33669749
14,26,172.6827193,29819.32155,473.8766543,1.88E-19,0.003432426,17.106991
14,27,171.3694457,29367.48693,471.0410162,1E-21,0.003432749,17.26624952
14,28,166.756669,27807.78667,477.4606764,3.11E-21,0.003360388,18.48320402
14,29,172.7453301,29840.94905,473.8297676,1.61E-17,0.00332471,17.09290117
14,30,174.4587007,30435.83823,471.6746669,3.02E-17,0.003441011,16.68258537
15,1,85.85464919,7371.020788,553.0531019,0.11711555,0.001482737,80.76910454
15,2,90.19403725,8134.964355,440.2967995,0.178549577,0.002439612,58.26341627
15,3,96.5343143,9318.873838,422.1127853,0.144225842,0.004408273,48.76083635
15,4,76.8994971,5913.532654,532.1254874,0.112025948,6.74E-15,96.86639411
15,5,74.97996194,5621.994693,435.54024,0.116839428,0.000267628,83.39575146
15,6,74.26548141,5515.361729,488.1972282,0.132235427,1.36E-15,95.2856234
15,7,69.23013272,4792.811277,407.0536329,0.106271792,0.00104318,91.42550718
15,8,74.3010622,5520.647844,418.7177702,0.042169587,0.003786235,81.64647123
15,9,65.8174991,4331.943188,399.9333297,0.108579073,0.000799226,99.38272901
15,10,60.2480836,3629.831577,393.1284963,0.091326072,0.002157652,116.5880725
15,11,58.34392344,3404.013402,412.4795173,0.064334716,0.002572533,130.4419245
15,12,44.43830268,1974.762745,449.233512,0.056164872,0.002200611,244.8856251
15,13,42.14724034,1776.389868,485.9959221,0.016377158,0.00262893,294.5102466
15,14,172.0635305,29605.85852,483.123238,1.14E-20,0.003710713,17.56654447
15,15,164.209401,26964.72738,482.0262648,7.98E-19,0.003453238,19.24335273
15,16,170.2388356,28981.26115,481.1410375,3.63E-18,0.003707151,17.87150766
15,17,175.5133875,30804.94919,483.6405251,4.57E-17,0.003992349,16.90083877
15,18,164.0199096,26902.53075,474.9724663,1.47E-19,0.003296852,19.0055906
15,19,171.7170306,29486.73858,484.9411245,6.68E-22,0.003797801,17.70387552
15,20,171.1929499,29307.0261,481.590859,3.4E-21,0.003737458,17.68937772
15,21,167.9998084,28223.93563,483.9931452,3.53E-18,0.003535792,18.45983052
15,22,171.0135347,29245.62904,485.0724825,7.18E-19,0.003764,17.85466652
15,23,170.81764,29178.66614,480.6693134,1.65E-16,0.003635347,17.7331968
15,24,170.4544801,29054.72979,480.6555509,2.47E-16,0.003628076,17.80832992
15,25,171.807876,29517.94625,479.3561642,1.23E-18,0.00364578,17.48148212
15,26,172.1303648,29628.86249,484.6422303,9.43E-19,0.003752084,17.60809399
15,27,175.1847089,30689.68223,482.3032712,2.19E-17,0.003791003,16.91741049
15,28,171.4782359,29404.7854,483.7393286,1.92E-17,0.0038281,17.70922088
15,29,170.7303831,29148.86371,472.9472738,5.26E-18,0.003553598,17.46614931
15,30,171.5723804,29437.08172,487.1900672,2.24E-21,0.003932265,17.8159811
16,1,91.54734854,8380.917024,519.0613624,0.109684216,0.001723426,66.67042644
16,2,90.83797404,8251.537528,454.4812835,0.133671984,0.003369495,59.29078428
16,3,89.67430613,8041.48118,424.360531,0.179086568,0.002497285,56.80741219
16,4,78.88991583,6223.61882,441.052257,0.099205664,0.000413986,76.28745644
16,5,74.94281467,5616.425471,484.1834246,0.11851896,0.0000294,92.80171222
16,6,72.86024756,5308.615674,505.4059779,0.128564334,2.46E-16,102.4861458
16,7,73.94489932,5467.848136,389.9177593,0.096593735,0.001533473,76.76489208
16,8,75.70637956,5731.455906,414.456253,0.055288484,0.003227972,77.84304434
16,9,62.45507078,3900.635867,406.0135155,0.123366332,0.000673607,112.0498172
16,10,60.08867323,3610.648651,393.5707526,0.115152561,0.001816966,117.3393449
16,11,60.6019153,3672.592138,408.0638735,0.066454028,0.002611884,119.6083555
16,12,51.95339017,2699.15475,437.7566902,0.045674068,0.002576198,174.586669
16,13,44.19870458,1953.525487,481.0170089,0.01311287,0.002848791,265.0619711
16,14,37.52384302,1408.038795,508.5821107,7.62E-18,0.002936556,388.8235226
16,15,167.7863785,28152.26881,479.9077597,8.56E-19,0.003852228,18.35060737
16,16,168.2496571,28307.9471,480.8087604,2.1E-16,0.003749818,18.28395182
16,17,165.1282182,27267.32846,480.7182252,3.23E-18,0.003655412,18.9781585
16,18,158.4751428,25114.3709,476.343626,6.64E-17,0.003292765,20.41757342
16,19,158.3697567,25080.97984,473.2580538,1.7E-19,0.003115612,20.31232262
16,20,165.1564068,27276.63871,465.3978423,4.64E-19,0.003232978,18.3670575
16,21,167.99798,28223.32129,480.8075965,2.83E-16,0.003781612,18.33873068
16,22,169.5608553,28750.88366,484.5815659,4.08E-19,0.003892576,18.143529
16,23,169.0199207,28567.73358,483.2824829,1.11E-20,0.003898667,18.21089702
16,24,165.4579726,27376.34071,484.0696265,6.97E-19,0.003744388,19.03437002
16,25,160.9714061,25911.79357,483.0661543,3.47E-21,0.003540349,20.06851357
16,26,166.6585452,27775.07068,480.5816604,1.41E-16,0.003694701,18.6259354
16,27,167.6646365,28111.43035,479.0249092,2.97E-16,0.003685689,18.34345865
16,28,165.2718828,27314.79526,481.6684111,3.85E-19,0.00371818,18.98262582
16,29,171.5866032,29441.96239,485.0147122,1.34E-19,0.003778849,17.73349066
16,30,168.739121,28472.89094,481.1130626,5.67E-18,0.003712878,18.18953745
17,1,87.88523691,7723.814867,550.8481197,0.090161655,0.001924865,76.77257145
17,2,99.90106804,9980.223396,463.3459589,0.134293762,0.002565812,49.97711573
17,3,90.90982646,8264.596548,423.8649278,0.201330393,0.000869666,55.20925629
17,4,77.6179956,6024.553242,519.2211593,0.123770067,2.33E-15,92.77556487
17,5,70.45115819,4963.365691,528.8861888,0.118453308,5.65E-24,114.7075551
17,6,75.2208999,5658.183782,479.981215,0.121065119,0.00000689,91.31734218
17,7,74.12828064,5495.001991,395.0908064,0.126882742,0.001184536,77.39896289
17,8,72.71678483,5287.730796,410.2250813,0.046108136,0.004010322,83.51393451
17,9,61.89590717,3831.103324,392.7068889,0.133179968,0.001244628,110.344509
17,10,65.01131122,4226.470587,405.8521522,0.131336411,0.001061656,103.3703707
17,11,59.08398606,3490.917409,403.9971633,0.089113153,0.002195061,124.5789922
17,12,46.4344584,2156.158927,424.4647568,0.040292708,0.002570569,211.9175573
17,13,47.81407003,2286.185293,453.9628622,7.67E-18,0.003007477,213.7543544
17,14,36.6262534,1341.482438,493.5981584,0.004063011,0.002819019,396.0906683
17,15,35.22355842,1240.699068,514.2094668,4.48E-20,0.002834522,446.148753
17,16,157.2573601,24729.87732,485.3797197,5.55E-18,0.003676231,21.12835747
17,17,161.2417872,25998.91394,481.7711252,1.51E-18,0.003909981,19.94764507
17,18,159.2929922,25374.25735,483.4255964,7.41E-18,0.003690503,20.50890026
17,19,162.4923838,26403.7748,474.7620223,2.29E-18,0.00367508,19.35601824
17,20,157.6123632,24841.65703,483.5971835,3.91E-18,0.003606425,20.95604261
17,21,161.4499861,26066.09801,483.311108,3.61E-16,0.003774377,19.95982937
17,22,161.0466184,25936.01331,483.4728262,9.06E-21,0.00389457,20.06665207
17,23,163.9471988,26878.68399,474.0291018,3.75E-16,0.003554915,18.98467099
17,24,160.9310405,25898.79979,475.7058697,1.31E-15,0.003381987,19.77265294
17,25,157.5478111,24821.31277,480.2647145,5.52E-19,0.003499316,20.8286923
17,26,165.3452354,27339.04685,483.6795881,4.37E-18,0.003931756,19.04497743
17,27,161.5128474,26086.39987,472.4225919,3.99E-22,0.003424494,19.4949705
17,28,162.1618042,26296.45075,482.577032,6.52E-22,0.003865362,19.75493405
17,29,160.5907561,25789.39094,481.7025709,2.32E-21,0.003824471,20.10684593
17,30,158.6362886,25165.47205,466.4051636,4E-15,0.003107662,19.95098491
18,1,101.7326632,10349.53477,518.5479056,0.141730381,0.001264801,53.93542784
18,2,104.9792469,11020.64228,451.6986252,0.126159902,0.003265292,44.12126285
18,3,98.386146,9679.833725,429.9031402,0.174002335,0.003055688,47.80890443
18,4,76.33765236,5827.437168,518.8929351,0.113180633,1.38E-16,95.8531147
18,5,70.07661621,4910.732139,400.4548119,0.07328124,0.001187318,87.78359093
18,6,73.61400485,5419.02171,520.3186963,0.115435464,1.61E-21,103.3605025
18,7,67.47663613,4553.096423,392.2709118,0.09980377,0.00148259,92.7438945
18,8,65.56599873,4298.90019,412.9165513,0.08268236,0.002264398,103.3977292
18,9,66.91702963,4477.888855,396.4028109,0.091394542,0.001986667,95.29486237
18,10,61.56387335,3790.110502,392.1960883,0.094618752,0.002290026,111.3928863
18,11,60.10205462,3612.25697,402.7651597,0.101467626,0.001811197,120.0271046
18,12,59.33985073,3521.217885,429.8460886,0.027142555,0.003412137,131.4093151
18,13,55.93211727,3128.401742,460.4889205,3.96E-21,0.003843889,158.4538289
18,14,42.1919407,1780.15986,490.1036493,4.34E-18,0.003354105,296.3705211
18,15,40.28297823,1622.718335,502.0119894,2.01E-18,0.002931783,333.0251386
18,16,37.35897236,1395.692816,517.662376,9.06E-18,0.002542021,399.2664606
18,17,155.8946807,24303.15148,480.5296932,8.44E-17,0.003745326,21.28451246
18,18,159.2449332,25358.94875,481.5677593,9.01E-22,0.003973564,20.44241634
18,19,162.4006098,26373.95805,481.1901233,1.56E-19,0.004016173,19.64027051
18,20,151.6238011,22989.77706,469.9560256,1.96E-17,0.00329697,22.00536285
18,21,150.3413061,22602.50832,475.8546959,6.31E-19,0.003529632,22.66333369
18,22,157.6592014,24856.4238,478.6797294,3.21E-18,0.003675239,20.73062823
18,23,155.1162795,24061.06016,482.1061062,4.74E-18,0.003722908,21.56919539
18,24,161.8905116,26208.53776,479.7735987,4.09E-15,0.003935863,19.70605207
18,25,157.7137647,24873.63157,480.5749617,9.88E-18,0.003726616,20.79830843
18,26,152.7181957,23322.84729,478.7746159,3.63E-17,0.003723962,22.09813485
18,27,157.6110597,24841.24613,473.535863,5.94E-21,0.00377058,20.52038805
18,28,159.8776607,25560.86638,477.4161972,8.34E-19,0.003922132,20.10609131
18,29,159.3598736,25395.56931,478.4032922,1.5E-17,0.003753073,20.27880122
18,30,155.9671615,24325.75547,480.4490102,9.13E-19,0.003759624,21.26116402
19,1,91.99022715,8462.201892,503.5961302,0.141143625,0.002259108,64.0626756
19,2,86.61475837,7502.116367,446.6896426,0.197084748,0.001927831,64.09559122
19,3,94.4219748,8915.509325,427.5007282,0.136856672,0.002895321,51.61747687
19,4,87.66511816,7685.172943,414.0191081,0.096690813,0.000586069,57.99263096
19,5,74.80620279,5595.967976,572.834976,0.095102002,3.23E-15,110.1946166
19,6,68.84847593,4740.112638,490.1435369,0.134850042,1.63E-22,111.3116678
19,7,69.3493679,4809.334828,402.2710228,0.091233366,0.001699496,90.04089586
19,8,62.79382988,3943.065072,399.7975592,0.106432085,0.001800369,109.1471162
19,9,63.87566033,4080.099983,393.2888143,0.127704689,0.001232881,103.7640372
19,10,62.87902057,3953.771227,420.9831363,0.12031925,0.000954862,114.6196912
19,11,60.96795848,3717.091961,392.4457032,0.086721184,0.001653232,113.6533769
19,12,73.27193898,5368.777042,430.6143354,0.017477782,0.003554273,86.34141992
19,13,54.71041563,2993.229579,448.6919509,0.003668998,0.003638803,161.3668503
19,14,50.22670019,2522.721412,473.9031593,4.01E-14,0.003502261,202.2210598
19,15,43.40321947,1883.83946,487.7244531,3.64E-18,0.00315012,278.6998355
19,16,36.37442685,1323.098928,511.85511,3.98E-15,0.002985798,416.4480159
19,17,34.48951573,1189.526695,538.7599581,1.93E-25,0.002419822,487.559013
19,18,154.7997318,23962.95697,475.1225419,7.57E-19,0.003933673,21.34377821
19,19,157.5062911,24808.23172,474.9779339,7.71E-17,0.003920883,20.61027069
19,20,152.0676251,23124.56261,481.988245,5.55E-20,0.003911576,22.43721715
19,21,152.357884,23212.92483,477.8601267,2.26E-16,0.003883589,22.16036965
19,22,151.4687687,22942.7879,466.5030145,1.9E-16,0.003262664,21.88841609
19,23,148.473887,22044.49513,483.9294408,2.1E-20,0.003863063,23.63131878
19,24,157.555004,24823.57927,476.3953868,4.43E-16,0.003760857,20.65899626
19,25,148.2783972,21986.48308,480.0358483,1.41E-17,0.003679577,23.50303659
19,26,154.6995641,23931.95512,479.5308528,2.58E-18,0.003856431,21.56971697
19,27,148.7945207,22139.8094,482.2202404,3.64E-21,0.003774958,23.44647878
19,28,155.1952845,24085.57633,484.8392751,3.4E-15,0.003970904,21.66939679
19,29,155.5817726,24205.68796,480.4104432,2.97E-22,0.004128704,21.36491064
19,30,159.0930676,25310.60415,478.398765,5.96E-28,0.00397686,20.34668257
20,1,83.49137988,6970.810514,543.6515777,0.123089781,0.001377888,83.95439701
20,2,98.96289067,9793.65373,456.3411417,0.136731967,0.002775544,50.15924044
20,3,90.45443167,8182.004209,430.1111109,0.178681629,0.00163843,56.58835048
20,4,87.40087123,7638.912291,414.7294896,0.097560863,0.000534328,58.44393718
20,5,72.95877731,5322.983186,491.8342427,0.127045134,2.23E-20,99.46487457
20,6,72.18840903,5211.166398,420.8624438,0.133659961,0.000238029,86.93833196
20,7,71.47187125,5108.22838,388.2725083,0.119394692,0.001299981,81.82243642
20,8,78.46529242,6156.802114,415.1061704,0.048936007,0.003896338,72.57884714
20,9,65.20665725,4251.90815,391.9885996,0.095704896,0.002439739,99.24202873
20,10,69.71880668,4860.712005,382.4794844,0.083525224,0.001897161,84.7060298
20,11,61.43035591,3773.688627,393.1894561,0.073022989,0.003057462,112.1609997
20,12,63.74116275,4062.935829,418.6640574,0.038151421,0.00312827,110.9256
20,13,63.57584255,4041.887755,440.8895909,2.27E-13,0.004304228,117.4225935
20,14,53.58816155,2871.691059,456.1675439,2.8E-22,0.004373214,170.9986721
20,15,45.03628613,2028.267069,466.7988982,1.53E-14,0.003951506,247.7483406
20,16,39.03115614,1523.43115,479.8383078,2.24E-16,0.003347476,339.0612485
20,17,38.35256917,1470.919562,479.4570934,5.63E-17,0.002513047,350.8866911
20,18,33.12022991,1096.949629,529.1106023,0.017324492,0.002014974,519.2372605
20,19,152.8222394,23354.63687,490.0144956,4.74E-16,0.003853237,22.58613294
20,20,148.1474829,21947.6767,494.1074765,9.04E-16,0.003807922,24.23477225
20,21,150.2509714,22575.35439,491.6724103,3.02E-20,0.003848507,23.44484327
20,22,150.8342646,22750.97539,491.0848373,4.33E-16,0.003879883,23.23606464
20,23,146.0863432,21341.21968,474.1379108,3.49E-21,0.003114305,23.91616368
20,24,146.8954595,21578.27602,495.634038,1.69E-19,0.003692141,24.72580567
20,25,148.1538891,21949.57484,490.2576319,4.3E-17,0.003592447,24.04386729
20,26,152.452221,23241.67969,487.2170955,1.94E-16,0.003794461,22.56633746
20,27,149.0668509,22220.92603,487.7144689,3.6E-17,0.003772196,23.62705312
20,28,148.2912786,21990.30332,489.5081101,8.74E-18,0.003712581,23.96264442
20,29,151.5084325,22954.80513,487.6289086,1.72E-16,0.003682631,22.86766944
20,30,153.160883,23458.25609,487.9718447,1.21E-16,0.003928381,22.39263045
21,1,93.50801125,8743.748169,549.2526604,0.104517034,0.001241296,67.62084599
21,2,101.3987088,10281.69814,443.3812055,0.145639422,0.003490133,46.42142866
21,3,92.91737998,8633.639502,434.1208968,0.194859669,0.000602952,54.12810867
21,4,76.07308626,5787.114453,451.1492217,0.101840498,0.00031021,83.919756
21,5,90.91080612,8264.774669,384.031766,0.08033327,0.001184309,50.0198291
21,6,70.31533753,4944.246691,506.8289,0.123662858,6.47E-21,110.3487228
21,7,66.83729432,4467.223912,391.4289835,0.124346903,0.001104755,94.32380902
21,8,75.31869101,5672.905215,400.7336553,0.085542346,0.002844712,76.04249574
21,9,62.91566891,3958.381395,390.571812,0.121266671,0.001366152,106.2158506
21,10,67.53009947,4560.314334,388.0042923,0.119236019,0.001839152,91.58995017
21,11,66.57798788,4432.62847,396.666155,0.069970739,0.003057341,96.33184684
21,12,61.4486848,3775.940864,424.5495508,0.024252681,0.002650041,121.0345258
21,13,61.46254009,3777.643834,448.1770793,0.000810472,0.004166262,127.7128817
21,14,55.41122386,3070.40373,457.0312157,1.48E-21,0.004205716,160.2346553
21,15,48.35156766,2337.874095,445.8971441,6.44E-22,0.003361786,205.3145103
21,16,42.42060861,1799.508035,468.8919646,2.39E-19,0.003824004,280.4949662
21,17,39.35567507,1548.86916,491.9717659,1.73E-19,0.003317449,341.9255219
21,18,34.66125344,1201.40249,510.6252401,3.28E-22,0.002811468,457.5302593
21,19,33.31573208,1109.938004,532.707961,2.64E-18,0.002571135,516.6501227
21,20,149.0267165,22208.96224,488.6289734,1.61E-20,0.003883212,23.68410735
21,21,142.6428862,20346.99297,487.8792415,6.17E-17,0.003938543,25.81179317
21,22,152.6934493,23315.28946,489.8372375,3.41E-20,0.003910651,22.6160657
21,23,146.911209,21582.90332,486.7666477,4.34E-17,0.003448934,24.27822991
21,24,149.3055325,22292.14203,486.9518993,6.31E-17,0.003705356,23.51474829
21,25,151.0148935,22805.49805,492.2278234,2.31E-15,0.004057284,23.23446459
21,26,151.6275516,22990.91442,487.682323,1.9E-16,0.003724125,22.83425469
21,27,158.2915153,25056.20381,487.6934945,3.48E-21,0.003809926,20.95259223
21,28,156.6653361,24544.02755,487.7257421,1.55E-15,0.003874521,21.39123801
21,29,146.9842697,21604.37554,490.0801169,9.05E-16,0.003988484,24.41920028
21,30,150.881862,22765.33628,478.9025055,1.31E-20,0.00337567,22.64535383
22,1,93.93528208,8823.837219,527.6911833,0.163193583,0.001268947,64.37665719
22,2,80.68507204,6510.08085,473.8464049,0.158345578,0.001914668,78.35329765
22,3,88.03948906,7750.951634,421.6020601,0.176871701,0.002668701,58.55362257
22,4,79.34004955,6294.843462,522.4191799,0.114071205,1.04E-16,89.33882782
22,5,74.75103247,5587.716856,529.0014299,0.104344576,5.44E-19,101.9127513
22,6,72.64411408,5277.167311,511.6380505,0.121658908,4.31E-17,104.368164
22,7,69.84860465,4878.827571,393.1050011,0.071385729,0.002608555,86.7359563
22,8,66.55655305,4429.774754,386.484673,0.100946627,0.001688167,93.91970146
22,9,64.58851419,4171.676165,386.7765197,0.108707151,0.002151749,99.80575509
22,10,64.16600865,4117.276666,387.2630797,0.132514249,0.001511248,101.2516514
22,11,73.18338178,5355.807368,402.6051281,0.074742882,0.002492674,80.92084804
22,12,76.07613607,5787.57848,430.4963959,0.005001107,0.003358251,80.07163533
22,13,62.9195863,3958.874341,445.5051974,1.15E-19,0.004306554,121.1398773
22,14,55.44249238,3073.869961,459.7217765,2.2E-22,0.004312301,160.9962117
22,15,55.98720418,3134.567032,465.742909,4E-21,0.004125043,159.9465075
22,16,48.13428978,2316.909852,471.0769404,1.2E-17,0.003940614,218.8712816
22,17,39.63523136,1570.951565,477.9267814,1.2E-15,0.003458312,327.4949774
22,18,44.5794233,1987.324982,505.0427131,1.55E-13,0.003201201,273.5679959
22,19,34.73977082,1206.851677,524.7850808,1.37E-17,0.002800203,468.0946239
22,20,32.80975866,1076.480263,532.2392642,0.017890797,0.00189188,532.2392642
22,21,138.5138413,19186.08423,477.9049238,1.08E-20,0.003642681,26.81397683
22,22,146.1905615,21371.68026,489.1342155,8.54E-16,0.004012018,24.63743246
22,23,146.0333795,21325.74793,487.659708,1.06E-15,0.003976245,24.61606751
22,24,144.0596169,20753.17322,486.4371316,4.68E-25,0.003968069,25.23180266
22,25,152.6527917,23302.87482,485.6513562,3.67E-25,0.003901765,22.43474694
22,26,150.4066012,22622.14567,489.0315647,1.63E-15,0.003937091,23.27068507
22,27,143.564346,20610.72143,491.5834631,9.78E-16,0.003955151,25.67498171
22,28,139.0146867,19325.08311,480.1187978,1.76E-21,0.003442072,26.744434
22,29,149.3705137,22311.55037,488.1381547,7.4E-16,0.003825793,23.55152737
22,30,144.2076761,20795.85383,485.2908386,1.16E-16,0.003638203,25.12068097
23,1,88.47242603,7827.370167,527.4389765,0.139563379,0.001363515,72.53747249
23,2,96.44116462,9300.898234,430.5076421,0.198711471,0.001396353,49.82669073
23,3,90.74111697,8233.950308,413.4590832,0.174216362,0.001813129,54.05431488
23,4,80.1583392,6425.359343,439.98934,0.081107475,0.000425655,73.71414035
23,5,86.34718727,7455.836749,397.6941821,0.119326178,0.000514307,57.41943556
23,6,73.05377583,5336.854163,497.0613096,0.128085875,6.41E-16,100.2606916
23,7,71.88808964,5167.897433,409.9173525,0.107853364,0.001306222,85.38635783
23,8,68.49070328,4690.976436,413.669303,0.05171357,0.003631854,94.92838989
23,9,63.64634536,4050.857278,374.3514312,0.124848057,0.001790459,99.48065297
23,10,66.03550365,4360.687743,399.6798032,0.131541188,0.000960379,98.66503749
23,11,70.66638876,4993.7385,397.7756689,0.079928646,0.002806409,85.74691219
23,12,66.76015842,4456.918752,425.8975645,0.033213265,0.003373728,102.8671034
23,13,60.86225453,3704.214026,437.0240634,0.005414064,0.004048093,127.0034008
23,14,60.74843831,3690.372757,454.035138,2.86E-26,0.003896891,132.4418689
23,15,50.25292529,2525.3565,452.018677,2.64E-26,0.004262403,192.6813835
23,16,44.96250259,2021.626639,470.9696089,3.76E-23,0.004158742,250.7829481
23,17,43.31335437,1876.046667,469.7250877,2.02E-17,0.003221761,269.5294285
23,18,39.34846721,1548.301872,499.0036964,2.64E-17,0.003170871,346.9398572
23,19,34.54326779,1193.23735,508.7905922,3.42E-16,0.002987701,459.0059392
23,20,34.58246402,1195.946818,517.6994773,4.14E-18,0.00265299,465.9849929
23,21,34.27006182,1174.437137,541.7124567,0.012862139,0.002092611,496.529571
23,22,136.9282842,18749.355,486.2889487,4.98E-16,0.003895717,27.91991807
23,23,143.9628656,20725.30667,489.9113724,2.37E-15,0.003901959,25.44618188
23,24,134.0143341,17959.84174,490.3330423,7.94E-21,0.003811963,29.38967113
23,25,139.9123584,19575.46804,487.694789,2.21E-15,0.003947164,26.81896615
23,26,134.9152337,18202.12027,486.1679322,1E-16,0.00395061,28.75215501
23,27,140.5656938,19758.71426,485.6613809,1.56E-15,0.00379924,26.45945906
23,28,133.8144381,17906.30384,489.5360694,4E-16,0.003872286,29.42963112
23,29,138.4664004,19172.94405,488.2412475,5.8E-16,0.003852954,27.41269495
23,30,137.5840844,18929.38027,488.4578173,1.39E-15,0.003863374,27.77772923
24,1,102.5191876,10510.18383,533.4866049,0.085173537,0.001991402,54.6410805
24,2,88.67471354,7863.204821,476.2676994,0.133815167,0.001714983,65.20150371
24,3,88.75158003,7876.842959,411.2364124,0.181608147,0.002114816,56.20118157
24,4,74.92837315,5614.261103,408.1226915,0.078850063,0.001095345,78.25357856
24,5,73.32785425,5376.974208,399.5154018,0.148901823,0.000180228,79.98372843
24,6,67.73052491,4587.424004,531.0526454,0.114736989,1.06E-20,124.616275
24,7,67.61952137,4572.399671,399.6019177,0.086274653,0.002163337,94.0782977
24,8,58.85492646,3463.902369,415.9718549,0.074068791,0.002999215,129.2719725
24,9,66.97644635,4485.844366,384.1816982,0.09981415,0.002328486,92.19312615
24,10,56.80403081,3226.697917,391.5532808,0.135581446,0.001380236,130.6287076
24,11,54.55383025,2976.120395,395.3977353,0.117240975,0.000780038,143.017688
24,12,57.28761318,3281.870623,417.8833782,0.039017594,0.00328788,137.0691476
24,13,62.05717778,3851.093314,448.6773164,1.58E-18,0.004148716,125.4169235
24,14,54.48215032,2968.304704,453.7137192,1.48E-20,0.004577723,164.5430347
24,15,48.09557559,2313.184392,449.6704058,1.81E-14,0.004029636,209.2618809
24,16,54.91800195,3015.986938,457.534228,2.5E-17,0.003478102,163.3052716
24,17,45.74718597,2092.805024,487.0519304,2.18E-13,0.003525758,250.5258656
24,18,39.61995836,1569.7411,489.6127907,4.31E-16,0.00358061,335.7614231
24,19,36.94598748,1365.005991,507.6196767,6.79E-20,0.003086494,400.322465
24,20,34.01561273,1157.061909,513.7210581,2.12E-18,0.002857138,477.9438122
24,21,34.89559519,1217.702564,534.0776145,1.31E-18,0.002501131,472.1382938
24,22,33.29738123,1108.715597,553.7675585,0.018416793,0.001611836,537.6670524
24,23,135.604747,18388.64741,490.6034937,1.61E-15,0.00397391,28.72016447
24,24,138.3749734,19147.63325,487.9987062,6.81E-16,0.003850748,27.43529546
24,25,134.0221557,17961.93822,489.6462726,1.75E-15,0.003959759,29.34508191
24,26,139.5592674,19476.78911,492.1783161,1.33E-15,0.004034058,27.20264825
24,27,130.6350053,17065.5046,485.2998811,1.36E-16,0.003781665,30.61238187
24,28,132.6723762,17601.9594,480.629986,1.31E-17,0.0037102,29.39381247
24,29,126.802167,16078.78956,481.0248313,3.23E-19,0.003469872,32.20477107
24,30,126.2922588,15949.73463,483.4260649,1.07E-19,0.003426826,32.62741541
25,1,79.20855281,6273.994838,578.3445274,0.193896569,0.000317789,99.23126892
25,2,87.75542813,7701.015167,480.1694122,0.20597177,0.000709838,67.12009831
25,3,74.31264513,5522.369226,436.9987501,0.21944565,0.000720525,85.18454855
25,4,73.1234077,5347.032754,562.1472181,0.099192541,1.19E-19,113.1731211
25,5,70.91919951,5029.532859,409.9520493,0.049949569,0.001421967,87.74279883
25,6,67.84129791,4602.441702,409.6399339,0.108632352,0.000517212,95.81203464
25,7,72.42260319,5245.033453,395.6637696,0.110035315,0.001260067,81.20524732
25,8,63.16821965,3990.223974,404.886708,0.065570078,0.003108934,109.2300965
25,9,60.38636559,3646.513149,391.0987549,0.122895476,0.001456146,115.4555251
25,10,55.56056905,3086.976833,390.5657488,0.132177118,0.00137065,136.196785
25,11,53.45900075,2857.864762,389.7962145,0.111948205,0.001919916,146.8256781
25,12,54.33626633,2952.429838,396.5666291,0.065907106,0.002443171,144.5914628
25,13,50.40108052,2540.268917,431.2346135,0.023617682,0.003838324,182.7426801
25,14,48.1051636,2314.106765,456.3638066,5.37E-21,0.004468303,212.2921198
25,15,47.28192371,2235.58031,452.5574137,3.63E-23,0.004524176,217.9161811
25,16,44.81789238,2008.643478,460.4584646,1.96E-21,0.003964869,246.7707458
25,17,51.35123558,2636.949395,448.382512,1.21E-25,0.003546763,183.0429228
25,18,43.08591725,1856.396265,477.9783696,2.16E-15,0.003872921,277.1683453
25,19,39.64866381,1572.016542,479.2822072,4.89E-20,0.003505616,328.2012769
25,20,39.35782883,1549.03869,492.6562437,5.87E-18,0.003492855,342.3637681
25,21,36.30415591,1317.991736,496.9431742,1.64E-13,0.003397014,405.8823013
25,22,33.72465697,1137.352488,517.8120697,4.81E-19,0.002524694,490.0982579
25,23,34.14370768,1165.792774,532.0963815,0.004522884,0.00235014,491.3319635
25,24,144.8730049,20988.18755,495.5827671,2.17E-21,0.003529554,25.41834859
25,25,132.600893,17582.99682,500.4716086,1.79E-21,0.003595223,30.64027221
25,26,124.4230432,15481.09369,487.109413,6.07E-20,0.003049698,33.87122897
25,27,132.7349571,17618.56884,494.7448574,8.08E-18,0.003642081,30.22850942
25,28,133.2555723,17757.04754,497.6730595,4.3E-17,0.003604688,30.17028731
25,29,132.7937066,17634.16851,495.6813494,7.78E-21,0.003504802,30.25893674
25,30,128.3374899,16470.5113,502.734329,6.63E-18,0.003466704,32.85772814
26,1,89.05587462,7930.948804,521.3648008,0.098124644,0.001815096,70.76567152
26,2,86.01096705,7397.886452,446.7061632,0.157774162,0.003128988,65.00104742
26,3,89.32829341,7979.544004,435.3905897,0.170691811,0.001694764,58.73636091
26,4,78.01737451,6086.710726,406.0916744,0.116359639,0.000392243,71.82034635
26,5,68.1283355,4641.470098,437.9031532,0.083802383,0.000464724,101.5613785
26,6,69.8558808,4879.844082,410.7281603,0.089347973,0.000683081,90.60550923
26,7,64.96492632,4220.441652,409.9017386,0.104770456,0.000835471,104.5509375
26,8,65.32921336,4267.906119,406.2544252,0.064783499,0.003433274,102.4682498
26,9,58.58258625,3431.919412,411.0240408,0.150090118,0.000576338,128.9247253
26,10,66.51743406,4424.569034,383.643231,0.088394004,0.002890376,93.33889087
26,11,57.58258403,3315.753983,390.561515,0.099099036,0.002546707,126.7982379
26,12,57.81070303,3342.077385,415.887601,0.018498931,0.00402106,133.95704
26,13,50.14447414,2514.468287,450.9463466,1.95E-20,0.004280575,193.0566571
26,14,50.50984614,2551.244557,447.0286606,4.18E-20,0.004254393,188.6206984
26,15,47.66486919,2271.939754,463.7717832,2.21E-21,0.004465708,219.7422578
26,16,48.16141457,2319.521853,457.976198,4.23E-22,0.004189261,212.5448128
26,17,52.26678137,2731.816434,472.0628673,5.67E-25,0.0043529,186.0177548
26,18,39.12930577,1531.10257,483.6745406,3.02E-18,0.003620185,340.0595799
26,19,38.33503587,1469.574975,498.9423929,1.62E-20,0.003831757,365.4809366
26,20,38.60540443,1490.377251,491.6905655,1.54E-18,0.003728769,355.1417528
26,21,36.00626153,1296.450869,504.7398572,2.76E-16,0.003236593,419.0999499
26,22,33.95050484,1152.636779,513.3511857,1.98E-15,0.002930811,479.4332694
26,23,36.91684715,1362.853604,514.4305357,1.36E-14,0.002354591,406.3344124
26,24,35.55859602,1264.413751,522.6272035,0.004301163,0.002574148,444.9476044
26,25,127.30991,16207.81319,495.4032946,2.93E-16,0.003315924,32.90338201
26,26,120.5956985,14543.3225,484.7415448,5.71E-20,0.002965062,35.88002024
26,27,124.2269717,15432.34049,498.8195223,2.94E-21,0.003612226,34.79507019
26,28,123.8969272,15350.44857,498.4821913,1.04E-21,0.003657258,34.95703972
26,29,123.7817598,15321.92405,501.7613692,1.42E-20,0.003715788,35.25250542
26,30,128.4048347,16487.80158,491.7599666,1.99E-22,0.003644995,32.1067606
27,1,92.71651496,8596.352145,504.4871336,0.139469052,0.001365983,63.17452253
27,2,101.3871861,10279.3615,434.9764741,0.1566585,0.00345509,45.55181654
27,3,78.22450401,6119.073028,427.99065,0.146199834,0.001921382,75.29301993
27,4,78.31615289,6133.419804,543.7226173,0.108069788,1.95E-19,95.42908928
27,5,69.13042867,4779.016169,568.2762414,0.092266258,3.04E-19,128.0050404
27,6,69.82194751,4875.104354,405.646084,0.111130233,0.000420204,89.57141663
27,7,67.07316214,4498.809079,392.4211984,0.110687643,0.001778064,93.89900026
27,8,73.52145735,5405.404691,404.238673,0.079368267,0.003107276,80.50367695
27,9,64.62405556,4176.268557,375.5172409,0.134938523,0.001585292,96.79379875
27,10,73.5794311,5413.932682,371.0482862,0.116231562,0.00113563,73.77745166
27,11,51.7046156,2673.367274,399.412939,0.103827211,0.001843876,160.8309303
27,12,57.33255785,3287.02219,420.8687054,0.040557544,0.003213998,137.8320037
27,13,64.83460889,4203.52651,441.3106021,2.92E-16,0.004335116,113.0151438
27,14,54.9672924,3021.403233,458.3534331,1.02E-21,0.004481838,163.3043941
27,15,48.09369826,2313.003812,452.3910699,9.84E-23,0.004658841,210.5444251
27,16,46.92504194,2201.959561,461.4389904,6.5E-23,0.004126126,225.585417
27,17,49.85426348,2485.447587,470.4181554,3.13E-21,0.004161149,203.7443325
27,18,43.35988977,1880.080041,481.7230256,5.94E-18,0.003586999,275.8208789
27,19,40.66568632,1653.698044,491.2216743,3.14E-17,0.003780737,319.7623889
27,20,40.06227056,1604.985522,487.3984304,3.49E-20,0.00390156,326.9031299
27,21,37.2163994,1385.060384,496.3603343,1.24E-20,0.003373388,385.775313
27,22,37.29673895,1391.046736,493.5331191,3.74E-18,0.002546355,381.9272553
27,23,35.40535803,1253.539377,515.2320505,3.33E-17,0.002012173,442.4568892
27,24,35.09780189,1231.855698,525.0400614,1.43E-17,0.002758926,458.8161294
27,25,35.53877123,1263.00426,521.2975214,0.010477357,0.002411114,444.3108473
27,26,113.3018712,12837.31402,500.3679767,2.37E-21,0.003742604,41.95864106
27,27,120.0423325,14410.16158,496.7595497,4.19E-21,0.003610237,37.1093584
27,28,113.9845492,12992.47746,500.9449023,7.85E-24,0.003449054,41.50534814
27,29,118.2608576,13985.63044,491.9495217,1.44E-22,0.003564767,37.86557587
27,30,107.6117529,11580.28936,492.1535468,3.81E-18,0.003263245,45.7495977
28,1,90.42350859,8176.410906,567.4167397,0.161959061,0.000172472,74.70428385
28,2,88.03695571,7750.505571,501.5743084,0.153206611,0.001203185,69.66446749
28,3,87.3764306,7634.640624,416.9003962,0.195102793,0.001199267,58.78273389
28,4,75.2234362,5658.565354,487.7323463,0.105722371,0.0000954,92.7857525
28,5,71.04391441,5047.237775,512.2316389,0.114931288,7.22E-19,109.249311
28,6,67.6597517,4577.842001,492.6201092,0.12904911,8.74E-21,115.8396958
28,7,64.80995708,4200.330536,409.0331851,0.134778526,0.000855792,104.8289288
28,8,72.85977985,5308.547519,410.7608912,0.073270979,0.002753608,83.2950992
28,9,57.30412224,3283.762426,393.7225203,0.143989762,0.000862855,129.0697886
28,10,53.05446043,2814.775771,404.7344733,0.078953017,0.00218292,154.7862806
28,11,50.08151651,2508.158296,404.7468906,0.095256345,0.002153622,173.7139318
28,12,71.70117386,5141.058332,420.4185018,1.74E-15,0.004430279,88.03094425
28,13,58.00006089,3364.007063,442.75606,2.91E-16,0.00407463,141.6816763
28,14,48.4340695,2345.859088,448.5141733,2.65E-21,0.004308812,205.8165632
28,15,53.29629657,2840.495228,440.0317265,3.29E-16,0.004504219,166.7615788
28,16,45.76880669,2094.783666,455.6437486,3.15E-21,0.004284118,234.1490008
28,17,45.69333182,2087.880573,471.1127009,2E-22,0.004134752,242.8987226
28,18,43.29253439,1874.243534,484.1445033,2.14E-17,0.004098271,278.0705884
28,19,45.39996557,2061.156874,490.4173027,6.88E-20,0.003913918,256.1302119
28,20,42.25692332,1785.647569,488.6057623,4.18E-21,0.003665176,294.5567024
28,21,40.05562992,1604.453488,493.8499708,2.58E-20,0.003599308,331.3400796
28,22,38.64561519,1493.483573,506.3851165,1.46E-16,0.003226919,364.9946965
28,23,36.67269033,1344.886216,515.3611579,1.48E-21,0.00292945,412.507845
28,24,34.92608969,1219.831741,514.6144572,6.95E-18,0.002776018,454.1382943
28,25,35.48393381,1259.109559,520.7811669,0.00222731,0.002573829,445.2437387
28,26,34.88110289,1216.691339,528.3736023,0.0107709,0.002250169,467.4840168
28,27,104.7224562,10966.79284,496.1166058,8.4E-21,0.00344388,48.69789574
28,28,105.045635,11034.58543,495.2068429,1.39E-19,0.003406643,48.30996106
28,29,108.7138673,11818.70493,491.8013982,8.99E-21,0.003510786,44.79462865
28,30,110.5241545,12215.58872,501.4377707,5.25E-21,0.00359763,44.18844443
29,1,92.90511053,8631.359562,517.2375829,0.115157515,0.001723274,64.50849895
29,2,94.18287618,8870.414166,464.8615617,0.164003478,0.00214866,56.41385924
29,3,82.26374938,6767.324462,432.1786743,0.178526368,0.001464299,68.74678694
29,4,77.91928965,6071.415699,561.9430606,0.10522457,3.01E-17,99.63419467
29,5,92.2725429,8514.222173,405.7979616,0.089007034,0.000970933,51.30633046
29,6,72.71875674,5288.017583,526.2747502,0.117094862,2E-20,107.133604
29,7,78.12481221,6103.486283,387.5046941,0.098399664,0.001879155,68.3447354
29,8,71.45412432,5105.691882,389.4398544,0.078159225,0.002549496,82.10920803
29,9,61.59208559,3793.585007,374.0144144,0.123335164,0.001496813,106.1315706
29,10,69.02005757,4763.768347,372.5586428,0.074165345,0.002120603,84.18797821
29,11,69.17153091,4784.700688,392.5860115,0.089294341,0.002468175,88.32550257
29,12,61.97925104,3841.427559,416.5075656,0.032924211,0.003758264,116.7175918
29,13,67.20364632,4516.330078,434.612542,8.85E-17,0.004447957,103.5911493
29,14,60.98108227,3718.692394,446.6198234,1.99E-21,0.004108881,129.2866884
29,15,71.67501519,5137.307802,446.6175874,1.06E-18,0.004816115,93.5850131
29,16,68.25459342,4658.689523,453.7476117,4.55E-21,0.004568097,104.8471563
29,17,50.09911737,2509.921561,465.0718065,3.23E-22,0.004381288,199.464648
29,18,53.18404945,2828.543116,471.6005726,2.37E-24,0.0040524,179.4806328
29,19,49.41758799,2442.098003,474.8861845,2.75E-26,0.003841011,209.3305036
29,20,45.09271054,2033.352544,479.6622349,2.04E-25,0.003924144,253.9387133
29,21,44.84341831,2010.932166,487.5518856,4.9E-17,0.003171344,260.9933795
29,22,46.01695098,2117.559777,490.9801024,6.74E-20,0.003193515,249.5940825
29,23,49.5636005,2456.550494,494.7835491,1.09E-17,0.002589184,216.8181466
29,24,46.09861802,2125.082583,513.0166285,1.11E-17,0.00318935,259.8733243
29,25,37.78005099,1427.332253,512.5581557,1.02E-17,0.002872973,386.5664334
29,26,36.60252087,1339.744534,528.1362244,5.58E-23,0.002727368,424.3556942
29,27,36.88873673,1360.778898,526.1300495,0.012817552,0.001948173,416.2091394
29,28,98.91091052,9783.36822,498.1478934,3.29E-17,0.003544636,54.81204052
29,29,102.5233967,10511.04686,497.5065229,2.7E-16,0.003440967,50.95172343
29,30,101.9822593,10400.38122,499.3520107,1.6E-16,0.003589075,51.68489236
30,1,91.58667098,8388.118301,537.1582565,0.109738721,0.000874502,68.93563496
30,2,97.55462843,9516.905528,474.5149189,0.169263867,0.001731477,53.67353319
30,3,97.42572195,9491.771298,422.8450174,0.196313143,0.001608131,47.95567669
30,4,96.06234658,9227.974431,489.9316812,0.126727475,9.07E-19,57.15249744
30,5,74.90075513,5610.123119,546.2008993,0.103881794,1.1E-17,104.8059865
30,6,78.59227732,6176.746055,403.3936916,0.1009691,0.000719147,70.30325407
30,7,75.68527044,5728.260161,393.3805973,0.129144897,0.001201139,73.92584082
30,8,77.91546226,6070.819259,410.071477,0.0533665,0.003263007,72.71404939
30,9,72.02164383,5187.11718,372.0556695,0.09462439,0.002622881,77.21255778
30,10,75.79552823,5744.9621,389.9605853,0.090790437,0.002385586,73.07008578
30,11,66.12941429,4373.099434,399.0529305,0.135451212,0.000693476,98.23069657
30,12,65.21149035,4252.538474,416.3085917,0.029192934,0.003511872,105.3836397
30,13,57.96895447,3360.399683,445.4296372,3.84E-18,0.004005371,142.6902328
30,14,60.97296428,3717.702373,456.2689136,2.19E-22,0.004701044,132.1150622
30,15,72.14491302,5204.888474,428.8242253,1.08E-17,0.004109892,88.68985707
30,16,58.62233172,3436.577777,455.9443548,5.72E-22,0.004728384,142.8208907
30,17,72.97718674,5325.669785,463.2706121,1.09E-25,0.004403166,93.64111755
30,18,63.92938115,4086.965774,467.1777515,9.22E-25,0.004455187,123.0515881
30,19,65.78657039,4327.872844,472.1148238,1.9E-27,0.003630791,117.430042
30,20,58.21540732,3389.03365,474.3500671,2.89E-28,0.003776448,150.6708218
30,21,89.03973401,7928.074233,482.1212326,2.78E-29,0.003993347,65.46280673
30,22,94.36873641,8905.458412,489.6047292,7.16E-30,0.003886261,59.18278468
30,23,72.98515299,5326.832557,502.4036245,5.87E-18,0.003586787,101.5289255
30,24,62.78024846,3941.359597,506.0293608,1.58E-20,0.003383436,138.2088099
30,25,71.62016493,5129.448025,504.2672845,1.28E-20,0.003386919,105.8269382
30,26,89.17370873,7951.950329,493.825625,1.4E-19,0.003513888,66.85071167
30,27,80.64945053,6504.333871,506.6546441,2.08E-21,0.003245056,83.85235681
30,28,95.95505449,9207.372481,508.5591659,2.7E-22,0.003350277,59.45821197
30,29,79.38735976,6302.35289,512.3064179,6.16E-21,0.003332183,87.50505678
30,30,83.15032112,6913.975902,503.8099235,1.54E-15,0.003250701,78.44132618
